-- phpMyAdmin SQL Dump
-- version 4.8.0
-- https://www.phpmyadmin.net/
--
-- Hôte : 127.0.0.1
-- Généré le :  Dim 27 mai 2018 à 14:59
-- Version du serveur :  10.1.31-MariaDB
-- Version de PHP :  7.2.4

SET SQL_MODE = "NO_AUTO_VALUE_ON_ZERO";
SET AUTOCOMMIT = 0;
START TRANSACTION;
SET time_zone = "+00:00";


/*!40101 SET @OLD_CHARACTER_SET_CLIENT=@@CHARACTER_SET_CLIENT */;
/*!40101 SET @OLD_CHARACTER_SET_RESULTS=@@CHARACTER_SET_RESULTS */;
/*!40101 SET @OLD_COLLATION_CONNECTION=@@COLLATION_CONNECTION */;
/*!40101 SET NAMES utf8mb4 */;

--
-- Base de données :  `ucontact`
--

-- --------------------------------------------------------

--
-- Structure de la table `champ`
--

CREATE TABLE `champ` (
  `idchamp` int(11) NOT NULL,
  `libelle` varchar(50) DEFAULT NULL,
  `multivaleur` tinyint(1) DEFAULT NULL,
  `iddatatype` int(11) DEFAULT NULL
) ENGINE=InnoDB DEFAULT CHARSET=latin1;

--
-- Déchargement des données de la table `champ`
--

INSERT INTO `champ` (`idchamp`, `libelle`, `multivaleur`, `iddatatype`) VALUES
(1, 'Nom', 0, 1),
(2, 'Prénom', 0, 1),
(3, 'Portable', 0, 1),
(4, 'Email', 0, 5),
(5, 'Ville', 0, 1),
(6, 'Pays', 0, 1),
(7, 'Langue', 1, 1),
(8, 'Profession', 0, 1),
(9, 'Compétence', 1, 1),
(10, 'Taille', 0, 3),
(11, 'Date de naissance', 0, 4),
(12, 'CP', 0, 1),
(13, 'Téléphone fixe', 0, 2),
(14, 'Adresse', 0, 1),
(15, 'Civilite', 0, 1),
(16, 'photo', NULL, 6);

-- --------------------------------------------------------

--
-- Structure de la table `contact`
--

CREATE TABLE `contact` (
  `idcontact` int(11) NOT NULL,
  `dtcreation` date DEFAULT NULL,
  `favoris` tinyint(1) DEFAULT NULL,
  `iduser` int(11) DEFAULT NULL,
  `actif` tinyint(1) NOT NULL DEFAULT '1'
) ENGINE=InnoDB DEFAULT CHARSET=latin1;

--
-- Déchargement des données de la table `contact`
--

INSERT INTO `contact` (`idcontact`, `dtcreation`, `favoris`, `iduser`, `actif`) VALUES
(1, '2018-03-10', 0, 1, 0),
(2, '2018-03-10', 0, 1, 0),
(3, '2018-03-10', 0, 1, 0),
(4, '2018-03-26', 0, 1, 0),
(5, '2018-03-31', 1, 1, 0),
(6, '2018-03-31', 0, 1, 0),
(7, '2018-03-31', 0, 1, 0),
(8, '2018-03-31', 0, 1, 0),
(9, '2018-05-21', 0, 1, 0),
(10, '2018-05-21', 0, 1, 0),
(11, '2018-05-21', 0, 1, 1),
(12, '2018-05-21', 0, 1, 0);

-- --------------------------------------------------------

--
-- Structure de la table `datatype`
--

CREATE TABLE `datatype` (
  `iddatatype` int(11) NOT NULL,
  `libelle` varchar(255) DEFAULT NULL,
  `regex` varchar(255) DEFAULT NULL
) ENGINE=InnoDB DEFAULT CHARSET=latin1;

--
-- Déchargement des données de la table `datatype`
--

INSERT INTO `datatype` (`iddatatype`, `libelle`, `regex`) VALUES
(1, 'TEXTE', NULL),
(2, 'ENTIER', '[0-9]*'),
(3, 'DECIMAL', NULL),
(4, 'DATE', NULL),
(5, 'EMAIL', NULL),
(6, 'PHOTO', NULL);

-- --------------------------------------------------------

--
-- Structure de la table `donnees`
--

CREATE TABLE `donnees` (
  `iddonnee` int(11) NOT NULL,
  `dtenregistrement` datetime DEFAULT NULL,
  `valeur` varchar(255) DEFAULT NULL,
  `idcontact` int(11) DEFAULT NULL,
  `idchamp` int(11) DEFAULT NULL
) ENGINE=InnoDB DEFAULT CHARSET=latin1;

--
-- Déchargement des données de la table `donnees`
--

INSERT INTO `donnees` (`iddonnee`, `dtenregistrement`, `valeur`, `idcontact`, `idchamp`) VALUES
(1071, '2018-03-10 17:19:49', 'M.', 1, 15),
(1072, '2018-03-10 17:19:49', 'Dupre', 1, 1),
(1073, '2018-03-10 17:19:49', 'Elsa', 1, 2),
(1074, '2018-03-10 17:19:49', '69 Rue Alasseur', 1, 14),
(1075, '2018-03-10 17:19:49', '78590', 1, 12),
(1076, '2018-03-10 17:19:49', 'Rennemoulin', 1, 5),
(1077, '2018-03-10 17:19:49', 'France', 1, 6),
(1078, '2018-03-10 17:19:49', '0205047650', 1, 13),
(1079, '2018-03-10 17:19:49', '06.68.57.49.85', 1, 3),
(1080, '2018-03-10 17:19:49', 'Dupre.Elsa@tahoo.fr', 1, 4),
(1081, '2018-03-10 17:19:49', 'Mme.', 2, 15),
(1082, '2018-03-10 17:19:49', 'Doucet', 2, 1),
(1083, '2018-03-10 17:19:49', 'Fanny', 2, 2),
(1084, '2018-03-10 17:19:49', '156 Rue de Beauce', 1, 14),
(1085, '2018-03-10 17:19:49', '83660', 2, 12),
(1086, '2018-03-10 17:19:49', 'Carnoules', 2, 5),
(1087, '2018-03-10 17:19:49', 'France', 2, 6),
(1088, '2018-03-10 17:19:49', '0453961405', 2, 13),
(1089, '2018-03-10 17:19:49', '06.24.32.54.27', 2, 3),
(1090, '2018-03-10 17:19:49', 'Doucet.Fanny@tahoo.fr', 2, 4),
(1091, '2018-03-10 17:19:49', 'Mme.', 3, 15),
(1092, '2018-03-10 17:19:49', 'Fernandes', 3, 1),
(1093, '2018-03-10 17:19:49', 'Pauline', 3, 2),
(1094, '2018-03-10 17:19:49', '18 Rue Cavallotti', 3, 14),
(1095, '2018-03-10 17:19:49', '17210', 3, 12),
(1096, '2018-03-10 17:19:49', 'Saint-Palais-de-Négrignac', 3, 5),
(1097, '2018-03-10 17:19:49', 'France', 3, 6),
(1098, '2018-03-10 17:19:49', '0078017122', 3, 13),
(1099, '2018-03-10 17:19:49', '06.62.45.54.72', 3, 3),
(1100, '2018-03-10 17:19:49', 'Fernandes.Pauline@hotmail.fr', 3, 4),
(1101, '2018-03-26 18:39:25', 'M.', 1, 15),
(1102, '2018-03-26 18:39:25', 'Dupre', 1, 1),
(1103, '2018-03-26 18:39:25', 'Elsa', 1, 2),
(1104, '2018-03-26 18:39:25', '156 Rue de Beauce', 1, 14),
(1105, '2018-03-26 18:39:25', '', 1, 11),
(1106, '2018-03-26 18:39:25', '78590', 1, 12),
(1107, '2018-03-26 18:39:25', 'Rennemoulin', 1, 5),
(1108, '2018-03-26 18:39:25', 'France', 1, 6),
(1109, '2018-03-26 18:39:25', '0205047650', 1, 13),
(1110, '2018-03-26 18:39:25', '06.68.57.49.85', 1, 3),
(1111, '2018-03-26 18:39:25', 'Dupre.Elsa@tahoo.fr', 1, 4),
(1112, '2018-03-26 18:44:07', 'M.', 1, 15),
(1113, '2018-03-26 18:44:07', 'Dupre', 1, 1),
(1114, '2018-03-26 18:44:07', 'Elsa', 1, 2),
(1115, '2018-03-26 18:44:07', '156 Rue de Beauce', 1, 14),
(1116, '2018-03-26 18:44:07', '', 1, 11),
(1117, '2018-03-26 18:44:07', '78590', 1, 12),
(1118, '2018-03-26 18:44:07', 'Rennemoulin', 1, 5),
(1119, '2018-03-26 18:44:07', 'France', 1, 6),
(1120, '2018-03-26 18:44:07', '0205047650', 1, 13),
(1121, '2018-03-26 18:44:07', '06.68.57.49.85', 1, 3),
(1122, '2018-03-26 18:44:07', 'Dupre.Elsa@tahoo.fr', 1, 4),
(1123, '2018-03-27 17:50:13', 'M.', 1, 15),
(1124, '2018-03-27 17:50:13', 'Dupre', 1, 1),
(1125, '2018-03-27 17:50:13', 'Elsa', 1, 2),
(1126, '2018-03-27 17:50:13', '156 Rue de Beauce', 1, 14),
(1127, '2018-03-27 17:50:13', '', 1, 11),
(1128, '2018-03-27 17:50:13', '78590', 1, 12),
(1129, '2018-03-27 17:50:13', 'Rennemoulin', 1, 5),
(1130, '2018-03-27 17:50:13', 'France', 1, 6),
(1131, '2018-03-27 17:50:13', '0205047650', 1, 13),
(1132, '2018-03-27 17:50:13', '06.68.57.49.85', 1, 3),
(1133, '2018-03-27 17:50:13', 'Dupre.Elsa@tahoo.fr', 1, 4),
(1134, '2018-03-27 17:50:13', '2téléchargement.jpg', 1, 16),
(1135, '2018-03-27 18:16:44', 'M.', 1, 15),
(1136, '2018-03-27 18:16:44', 'Dupre', 1, 1),
(1137, '2018-03-27 18:16:44', 'Elsa', 1, 2),
(1138, '2018-03-27 18:16:44', '156 Rue de Beauce', 1, 14),
(1139, '2018-03-27 18:16:44', '', 1, 11),
(1140, '2018-03-27 18:16:44', '78590', 1, 12),
(1141, '2018-03-27 18:16:44', 'Rennemoulin', 1, 5),
(1142, '2018-03-27 18:16:44', 'France', 1, 6),
(1143, '2018-03-27 18:16:44', '0205047650', 1, 13),
(1144, '2018-03-27 18:16:44', '06.68.57.49.85', 1, 3),
(1145, '2018-03-27 18:16:44', 'Dupre.Elsa@tahoo.fr', 1, 4),
(1146, '2018-03-27 18:16:44', 'C:\\fakepath\\2téléchargement.jpg', 1, 16),
(1147, '2018-03-27 18:23:44', 'M.', 1, 15),
(1148, '2018-03-27 18:23:44', 'Dupre', 1, 1),
(1149, '2018-03-27 18:23:44', 'Elsa', 1, 2),
(1150, '2018-03-27 18:23:44', '156 Rue de Beauce', 1, 14),
(1151, '2018-03-27 18:23:44', '', 1, 11),
(1152, '2018-03-27 18:23:44', '78590', 1, 12),
(1153, '2018-03-27 18:23:44', 'Rennemoulin', 1, 5),
(1154, '2018-03-27 18:23:44', 'France', 1, 6),
(1155, '2018-03-27 18:23:44', '0205047650', 1, 13),
(1156, '2018-03-27 18:23:44', '06.68.57.49.85', 1, 3),
(1157, '2018-03-27 18:23:44', 'Dupre.Elsa@tahoo.fr', 1, 4),
(1158, '2018-03-27 18:23:44', 'C:\\fakepath\\2téléchargement.jpg', 1, 16),
(1159, '2018-03-27 18:25:42', 'M.', 1, 15),
(1160, '2018-03-27 18:25:42', 'Dupre', 1, 1),
(1161, '2018-03-27 18:25:42', 'Elsa', 1, 2),
(1162, '2018-03-27 18:25:42', '156 Rue de Beauce', 1, 14),
(1163, '2018-03-27 18:25:42', '', 1, 11),
(1164, '2018-03-27 18:25:42', '78590', 1, 12),
(1165, '2018-03-27 18:25:42', 'Rennemoulin', 1, 5),
(1166, '2018-03-27 18:25:42', 'France', 1, 6),
(1167, '2018-03-27 18:25:42', '0205047650', 1, 13),
(1168, '2018-03-27 18:25:42', '06.68.57.49.85', 1, 3),
(1169, '2018-03-27 18:25:42', 'Dupre.Elsa@tahoo.fr', 1, 4),
(1170, '2018-03-27 18:27:55', 'M.', 1, 15),
(1171, '2018-03-27 18:27:55', 'Dupre', 1, 1),
(1172, '2018-03-27 18:27:55', 'Elsa', 1, 2),
(1173, '2018-03-27 18:27:55', '156 Rue de Beauce', 1, 14),
(1174, '2018-03-27 18:27:55', '', 1, 11),
(1175, '2018-03-27 18:27:55', '78590', 1, 12),
(1176, '2018-03-27 18:27:55', 'Rennemoulin', 1, 5),
(1177, '2018-03-27 18:27:55', 'France', 1, 6),
(1178, '2018-03-27 18:27:55', '0205047650', 1, 13),
(1179, '2018-03-27 18:27:55', '06.68.57.49.85', 1, 3),
(1180, '2018-03-27 18:27:55', 'Dupre.Elsa@tahoo.fr', 1, 4),
(1181, '2018-03-27 18:27:55', 'C:\\fakepath\\2téléchargement.jpg', 1, 16),
(1182, '2018-03-27 18:29:41', 'M.', 1, 15),
(1183, '2018-03-27 18:29:41', 'Dupre', 1, 1),
(1184, '2018-03-27 18:29:41', 'Elsa', 1, 2),
(1185, '2018-03-27 18:29:41', '156 Rue de Beauce', 1, 14),
(1186, '2018-03-27 18:29:41', '', 1, 11),
(1187, '2018-03-27 18:29:41', '78590', 1, 12),
(1188, '2018-03-27 18:29:41', 'Rennemoulin', 1, 5),
(1189, '2018-03-27 18:29:41', 'France', 1, 6),
(1190, '2018-03-27 18:29:41', '0205047650', 1, 13),
(1191, '2018-03-27 18:29:41', '06.68.57.49.85', 1, 3),
(1192, '2018-03-27 18:29:41', 'Dupre.Elsa@tahoo.fr', 1, 4),
(1193, '2018-03-27 18:29:41', 'C:\\fakepath\\2téléchargement.jpg', 1, 16),
(1194, '2018-03-27 18:30:55', 'M.', 1, 15),
(1195, '2018-03-27 18:30:55', 'Dupre', 1, 1),
(1196, '2018-03-27 18:30:55', 'Elsa', 1, 2),
(1197, '2018-03-27 18:30:55', '156 Rue de Beauce', 1, 14),
(1198, '2018-03-27 18:30:55', '', 1, 11),
(1199, '2018-03-27 18:30:55', '78590', 1, 12),
(1200, '2018-03-27 18:30:55', 'Rennemoulin', 1, 5),
(1201, '2018-03-27 18:30:55', 'France', 1, 6),
(1202, '2018-03-27 18:30:55', '0205047650', 1, 13),
(1203, '2018-03-27 18:30:55', '06.68.57.49.85', 1, 3),
(1204, '2018-03-27 18:30:55', 'Dupre.Elsa@tahoo.fr', 1, 4),
(1205, '2018-03-27 18:30:55', 'C:\\fakepath\\2téléchargement.jpg', 1, 16),
(1206, '2018-03-27 18:33:51', 'M.', 1, 15),
(1207, '2018-03-27 18:33:51', 'Dupre', 1, 1),
(1208, '2018-03-27 18:33:51', 'Elsa', 1, 2),
(1209, '2018-03-27 18:33:51', '156 Rue de Beauce', 1, 14),
(1210, '2018-03-27 18:33:51', '', 1, 11),
(1211, '2018-03-27 18:33:51', '78590', 1, 12),
(1212, '2018-03-27 18:33:51', 'Rennemoulin', 1, 5),
(1213, '2018-03-27 18:33:51', 'France', 1, 6),
(1214, '2018-03-27 18:33:51', '0205047650', 1, 13),
(1215, '2018-03-27 18:33:51', '06.68.57.49.85', 1, 3),
(1216, '2018-03-27 18:33:51', 'Dupre.Elsa@tahoo.fr', 1, 4),
(1217, '2018-03-27 18:33:51', 'C:\\fakepath\\2téléchargement.jpg', 1, 16),
(1218, '2018-03-27 18:35:32', 'M.', 1, 15),
(1219, '2018-03-27 18:35:32', 'Dupre', 1, 1),
(1220, '2018-03-27 18:35:32', 'Elsa', 1, 2),
(1221, '2018-03-27 18:35:32', '156 Rue de Beauce', 1, 14),
(1222, '2018-03-27 18:35:32', '', 1, 11),
(1223, '2018-03-27 18:35:32', '78590', 1, 12),
(1224, '2018-03-27 18:35:32', 'Rennemoulin', 1, 5),
(1225, '2018-03-27 18:35:32', 'France', 1, 6),
(1226, '2018-03-27 18:35:32', '0205047650', 1, 13),
(1227, '2018-03-27 18:35:32', '06.68.57.49.85', 1, 3),
(1228, '2018-03-27 18:35:32', 'Dupre.Elsa@tahoo.fr', 1, 4),
(1229, '2018-03-27 18:35:32', 'C:\\fakepath\\2téléchargement.jpg', 1, 16),
(1230, '2018-03-27 18:48:04', 'M.', 1, 15),
(1231, '2018-03-27 18:48:04', 'Dupre', 1, 1),
(1232, '2018-03-27 18:48:04', 'Elsa', 1, 2),
(1233, '2018-03-27 18:48:04', '156 Rue de Beauce', 1, 14),
(1234, '2018-03-27 18:48:04', '', 1, 11),
(1235, '2018-03-27 18:48:04', '78590', 1, 12),
(1236, '2018-03-27 18:48:04', 'Rennemoulin', 1, 5),
(1237, '2018-03-27 18:48:04', 'France', 1, 6),
(1238, '2018-03-27 18:48:04', '0205047650', 1, 13),
(1239, '2018-03-27 18:48:04', '06.68.57.49.85', 1, 3),
(1240, '2018-03-27 18:48:04', 'Dupre.Elsa@tahoo.fr', 1, 4),
(1241, '2018-03-27 18:48:04', 'C:\\fakepath\\2téléchargement.jpg', 1, 16),
(1242, '2018-03-27 18:54:18', 'M.', 1, 15),
(1243, '2018-03-27 18:54:18', 'Dupre', 1, 1),
(1244, '2018-03-27 18:54:18', 'Elsa', 1, 2),
(1245, '2018-03-27 18:54:18', '156 Rue de Beauce', 1, 14),
(1246, '2018-03-27 18:54:18', '', 1, 11),
(1247, '2018-03-27 18:54:18', '78590', 1, 12),
(1248, '2018-03-27 18:54:18', 'Rennemoulin', 1, 5),
(1249, '2018-03-27 18:54:18', 'France', 1, 6),
(1250, '2018-03-27 18:54:18', '0205047650', 1, 13),
(1251, '2018-03-27 18:54:18', '06.68.57.49.85', 1, 3),
(1252, '2018-03-27 18:54:18', 'Dupre.Elsa@tahoo.fr', 1, 4),
(1253, '2018-03-27 18:59:15', 'M.', 1, 15),
(1254, '2018-03-27 18:59:15', 'Dupre', 1, 1),
(1255, '2018-03-27 18:59:15', 'Elsa', 1, 2),
(1256, '2018-03-27 18:59:15', '156 Rue de Beauce', 1, 14),
(1257, '2018-03-27 18:59:15', '', 1, 11),
(1258, '2018-03-27 18:59:15', '78590', 1, 12),
(1259, '2018-03-27 18:59:15', 'Rennemoulin', 1, 5),
(1260, '2018-03-27 18:59:15', 'France', 1, 6),
(1261, '2018-03-27 18:59:15', '0205047650', 1, 13),
(1262, '2018-03-27 18:59:15', '06.68.57.49.85', 1, 3),
(1263, '2018-03-27 18:59:15', 'Dupre.Elsa@tahoo.fr', 1, 4),
(1264, '2018-03-27 19:00:13', 'M.', 1, 15),
(1265, '2018-03-27 19:00:13', 'Dupre', 1, 1),
(1266, '2018-03-27 19:00:13', 'Elsa', 1, 2),
(1267, '2018-03-27 19:00:13', '156 Rue de Beauce', 1, 14),
(1268, '2018-03-27 19:00:13', '', 1, 11),
(1269, '2018-03-27 19:00:13', '78590', 1, 12),
(1270, '2018-03-27 19:00:13', 'Rennemoulin', 1, 5),
(1271, '2018-03-27 19:00:13', 'France', 1, 6),
(1272, '2018-03-27 19:00:13', '0205047650', 1, 13),
(1273, '2018-03-27 19:00:13', '06.68.57.49.85', 1, 3),
(1274, '2018-03-27 19:00:13', 'Dupre.Elsa@tahoo.fr', 1, 4),
(1275, '2018-03-27 19:02:17', 'M.', 1, 15),
(1276, '2018-03-27 19:02:17', 'Dupre', 1, 1),
(1277, '2018-03-27 19:02:17', 'Elsa', 1, 2),
(1278, '2018-03-27 19:02:17', '156 Rue de Beauce', 1, 14),
(1279, '2018-03-27 19:02:17', '', 1, 11),
(1280, '2018-03-27 19:02:17', '78590', 1, 12),
(1281, '2018-03-27 19:02:17', 'Rennemoulin', 1, 5),
(1282, '2018-03-27 19:02:17', 'France', 1, 6),
(1283, '2018-03-27 19:02:17', '0205047650', 1, 13),
(1284, '2018-03-27 19:02:17', '06.68.57.49.85', 1, 3),
(1285, '2018-03-27 19:02:17', 'Dupre.Elsa@tahoo.fr', 1, 4),
(1286, '2018-03-27 19:07:54', 'M.', 1, 15),
(1287, '2018-03-27 19:07:54', 'Dupre', 1, 1),
(1288, '2018-03-27 19:07:54', 'Elsa', 1, 2),
(1289, '2018-03-27 19:07:54', '156 Rue de Beauce', 1, 14),
(1290, '2018-03-27 19:07:54', '', 1, 11),
(1291, '2018-03-27 19:07:54', '78590', 1, 12),
(1292, '2018-03-27 19:07:54', 'Rennemoulin', 1, 5),
(1293, '2018-03-27 19:07:54', 'France', 1, 6),
(1294, '2018-03-27 19:07:54', '0205047650', 1, 13),
(1295, '2018-03-27 19:07:54', '06.68.57.49.85', 1, 3),
(1296, '2018-03-27 19:07:54', 'Dupre.Elsa@tahoo.fr', 1, 4),
(1297, '2018-03-27 19:09:21', 'M.', 1, 15),
(1298, '2018-03-27 19:09:21', 'Dupre', 1, 1),
(1299, '2018-03-27 19:09:21', 'Elsa', 1, 2),
(1300, '2018-03-27 19:09:21', '156 Rue de Beauce', 1, 14),
(1301, '2018-03-27 19:09:21', '', 1, 11),
(1302, '2018-03-27 19:09:21', '78590', 1, 12),
(1303, '2018-03-27 19:09:21', 'Rennemoulin', 1, 5),
(1304, '2018-03-27 19:09:21', 'France', 1, 6),
(1305, '2018-03-27 19:09:21', '0205047650', 1, 13),
(1306, '2018-03-27 19:09:21', '06.68.57.49.85', 1, 3),
(1307, '2018-03-27 19:09:21', 'Dupre.Elsa@tahoo.fr', 1, 4),
(1308, '2018-03-27 19:11:32', 'M.', 1, 15),
(1309, '2018-03-27 19:11:32', 'Dupre', 1, 1),
(1310, '2018-03-27 19:11:32', 'Elsa', 1, 2),
(1311, '2018-03-27 19:11:32', '156 Rue de Beauce', 1, 14),
(1312, '2018-03-27 19:11:32', '', 1, 11),
(1313, '2018-03-27 19:11:32', '78590', 1, 12),
(1314, '2018-03-27 19:11:32', 'Rennemoulin', 1, 5),
(1315, '2018-03-27 19:11:32', 'France', 1, 6),
(1316, '2018-03-27 19:11:32', '0205047650', 1, 13),
(1317, '2018-03-27 19:11:32', '06.68.57.49.85', 1, 3),
(1318, '2018-03-27 19:11:32', 'Dupre.Elsa@tahoo.fr', 1, 4),
(1319, '2018-03-27 19:11:32', 'C:\\Temp\\UCONTACT\\1\\PHOTO\\2téléchargement.jpg', 1, 16),
(1320, '2018-03-27 19:23:16', 'M.', 1, 15),
(1321, '2018-03-27 19:23:16', 'Dupre', 1, 1),
(1322, '2018-03-27 19:23:16', 'Elsa', 1, 2),
(1323, '2018-03-27 19:23:16', '156 Rue de Beauce', 1, 14),
(1324, '2018-03-27 19:23:16', '', 1, 11),
(1325, '2018-03-27 19:23:16', '78590', 1, 12),
(1326, '2018-03-27 19:23:16', 'Rennemoulin', 1, 5),
(1327, '2018-03-27 19:23:16', 'France', 1, 6),
(1328, '2018-03-27 19:23:16', '0205047650', 1, 13),
(1329, '2018-03-27 19:23:16', '06.68.57.49.85', 1, 3),
(1330, '2018-03-27 19:23:16', 'Dupre.Elsa@tahoo.fr', 1, 4),
(1331, '2018-03-27 19:23:16', 'C://Temp//UCONTACT//1//PHOTO//2téléchargement.jpg', 1, 16),
(1332, '2018-03-27 19:31:07', 'M.', 1, 15),
(1333, '2018-03-27 19:31:07', 'Dupre', 1, 1),
(1334, '2018-03-27 19:31:07', 'Elsa', 1, 2),
(1335, '2018-03-27 19:31:07', '156 Rue de Beauce', 1, 14),
(1336, '2018-03-27 19:31:07', '', 1, 11),
(1337, '2018-03-27 19:31:07', '78590', 1, 12),
(1338, '2018-03-27 19:31:07', 'Rennemoulin', 1, 5),
(1339, '2018-03-27 19:31:07', 'France', 1, 6),
(1340, '2018-03-27 19:31:07', '0205047650', 1, 13),
(1341, '2018-03-27 19:31:07', '06.68.57.49.85', 1, 3),
(1342, '2018-03-27 19:31:07', 'Dupre.Elsa@tahoo.fr', 1, 4),
(1343, '2018-03-27 19:31:07', 'C://Temp//UCONTACT//1//PHOTO//2telechargement.jpg', 1, 16),
(1344, '2018-03-27 19:33:40', 'M.', 1, 15),
(1345, '2018-03-27 19:33:40', 'Dupre', 1, 1),
(1346, '2018-03-27 19:33:40', 'Elsa', 1, 2),
(1347, '2018-03-27 19:33:40', '156 Rue de Beauce', 1, 14),
(1348, '2018-03-27 19:33:40', '', 1, 11),
(1349, '2018-03-27 19:33:40', '78590', 1, 12),
(1350, '2018-03-27 19:33:40', 'Rennemoulin', 1, 5),
(1351, '2018-03-27 19:33:40', 'France', 1, 6),
(1352, '2018-03-27 19:33:40', '0205047650', 1, 13),
(1353, '2018-03-27 19:33:40', '06.68.57.49.85', 1, 3),
(1354, '2018-03-27 19:33:40', 'Dupre.Elsa@tahoo.fr', 1, 4),
(1355, '2018-03-27 19:33:40', 'C:\\Temp\\UCONTACT\\1\\PHOTO\\2telechargement.jpg', 1, 16),
(1356, '2018-03-28 17:20:49', 'M.', 1, 15),
(1357, '2018-03-28 17:20:49', 'Dupre', 1, 1),
(1358, '2018-03-28 17:20:49', 'Elsa', 1, 2),
(1359, '2018-03-28 17:20:49', '156 Rue de Beauce', 1, 14),
(1360, '2018-03-28 17:20:49', '', 1, 11),
(1361, '2018-03-28 17:20:49', '78590', 1, 12),
(1362, '2018-03-28 17:20:49', 'Rennemoulin', 1, 5),
(1363, '2018-03-28 17:20:49', 'France', 1, 6),
(1364, '2018-03-28 17:20:49', '0205047650', 1, 13),
(1365, '2018-03-28 17:20:49', '06.68.57.49.85', 1, 3),
(1366, '2018-03-28 17:20:49', 'Dupre.Elsa@tahoo.fr', 1, 4),
(1367, '2018-03-28 17:35:34', 'M.', 1, 15),
(1368, '2018-03-28 17:35:34', 'Dupre', 1, 1),
(1369, '2018-03-28 17:35:34', 'Elsa', 1, 2),
(1370, '2018-03-28 17:35:34', '156 Rue de Beauce', 1, 14),
(1371, '2018-03-28 17:35:34', '', 1, 11),
(1372, '2018-03-28 17:35:34', '78590', 1, 12),
(1373, '2018-03-28 17:35:34', 'Rennemoulin', 1, 5),
(1374, '2018-03-28 17:35:34', 'France', 1, 6),
(1375, '2018-03-28 17:35:34', '0205047650', 1, 13),
(1376, '2018-03-28 17:35:34', '06.68.57.49.85', 1, 3),
(1377, '2018-03-28 17:35:34', 'Dupre.Elsa@tahoo.fr', 1, 4),
(1378, '2018-03-28 17:35:34', 'file', 1, 16),
(1379, '2018-03-28 17:40:44', 'M.', 1, 15),
(1380, '2018-03-28 17:40:44', 'Dupre', 1, 1),
(1381, '2018-03-28 17:40:44', 'Elsa', 1, 2),
(1382, '2018-03-28 17:40:44', '156 Rue de Beauce', 1, 14),
(1383, '2018-03-28 17:40:44', '', 1, 11),
(1384, '2018-03-28 17:40:44', '78590', 1, 12),
(1385, '2018-03-28 17:40:44', 'Rennemoulin', 1, 5),
(1386, '2018-03-28 17:40:44', 'France', 1, 6),
(1387, '2018-03-28 17:40:44', '0205047650', 1, 13),
(1388, '2018-03-28 17:40:44', '06.68.57.49.85', 1, 3),
(1389, '2018-03-28 17:40:44', 'Dupre.Elsa@tahoo.fr', 1, 4),
(1390, '2018-03-28 17:40:44', 'file', 1, 16),
(1391, '2018-03-28 18:20:57', 'M.', 1, 15),
(1392, '2018-03-28 18:20:57', 'Dupre', 1, 1),
(1393, '2018-03-28 18:20:57', 'Elsa', 1, 2),
(1394, '2018-03-28 18:20:57', '156 Rue de Beauce', 1, 14),
(1395, '2018-03-28 18:20:57', '', 1, 11),
(1396, '2018-03-28 18:20:57', '78590', 1, 12),
(1397, '2018-03-28 18:20:57', 'Rennemoulin', 1, 5),
(1398, '2018-03-28 18:20:57', 'France', 1, 6),
(1399, '2018-03-28 18:20:57', '0205047650', 1, 13),
(1400, '2018-03-28 18:20:57', '06.68.57.49.85', 1, 3),
(1401, '2018-03-28 18:20:57', 'Dupre.Elsa@tahoo.fr', 1, 4),
(1402, '2018-03-28 18:22:37', 'M.', 1, 15),
(1403, '2018-03-28 18:22:37', 'Dupre', 1, 1),
(1404, '2018-03-28 18:22:37', 'Elsa', 1, 2),
(1405, '2018-03-28 18:22:37', '156 Rue de Beauce', 1, 14),
(1406, '2018-03-28 18:22:37', '', 1, 11),
(1407, '2018-03-28 18:22:37', '78590', 1, 12),
(1408, '2018-03-28 18:22:37', 'Rennemoulin', 1, 5),
(1409, '2018-03-28 18:22:37', 'France', 1, 6),
(1410, '2018-03-28 18:22:37', '0205047650', 1, 13),
(1411, '2018-03-28 18:22:37', '06.68.57.49.85', 1, 3),
(1412, '2018-03-28 18:22:37', 'Dupre.Elsa@tahoo.fr', 1, 4),
(1413, '2018-03-28 18:24:43', 'M.', 1, 15),
(1414, '2018-03-28 18:24:43', 'Dupre', 1, 1),
(1415, '2018-03-28 18:24:43', 'Elsa', 1, 2),
(1416, '2018-03-28 18:24:43', '156 Rue de Beauce', 1, 14),
(1417, '2018-03-28 18:24:43', '', 1, 11),
(1418, '2018-03-28 18:24:43', '78590', 1, 12),
(1419, '2018-03-28 18:24:43', 'Rennemoulin', 1, 5),
(1420, '2018-03-28 18:24:43', 'France', 1, 6),
(1421, '2018-03-28 18:24:43', '0205047650', 1, 13),
(1422, '2018-03-28 18:24:43', '06.68.57.49.85', 1, 3),
(1423, '2018-03-28 18:24:43', 'Dupre.Elsa@tahoo.fr', 1, 4),
(1424, '2018-03-28 18:26:30', 'M.', 1, 15),
(1425, '2018-03-28 18:26:30', 'Dupre', 1, 1),
(1426, '2018-03-28 18:26:30', 'Elsa', 1, 2),
(1427, '2018-03-28 18:26:30', '156 Rue de Beauce', 1, 14),
(1428, '2018-03-28 18:26:30', '', 1, 11),
(1429, '2018-03-28 18:26:30', '78590', 1, 12),
(1430, '2018-03-28 18:26:30', 'Rennemoulin', 1, 5),
(1431, '2018-03-28 18:26:30', 'France', 1, 6),
(1432, '2018-03-28 18:26:30', '0205047650', 1, 13),
(1433, '2018-03-28 18:26:30', '06.68.57.49.85', 1, 3),
(1434, '2018-03-28 18:26:30', 'Dupre.Elsa@tahoo.fr', 1, 4),
(1435, '2018-03-28 18:27:55', 'M.', 1, 15),
(1436, '2018-03-28 18:27:55', 'Dupre', 1, 1),
(1437, '2018-03-28 18:27:55', 'Elsa', 1, 2),
(1438, '2018-03-28 18:27:55', '156 Rue de Beauce', 1, 14),
(1439, '2018-03-28 18:27:55', '', 1, 11),
(1440, '2018-03-28 18:27:55', '78590', 1, 12),
(1441, '2018-03-28 18:27:55', 'Rennemoulin', 1, 5),
(1442, '2018-03-28 18:27:55', 'France', 1, 6),
(1443, '2018-03-28 18:27:55', '0205047650', 1, 13),
(1444, '2018-03-28 18:27:55', '06.68.57.49.85', 1, 3),
(1445, '2018-03-28 18:27:55', 'Dupre.Elsa@tahoo.fr', 1, 4),
(1446, '2018-03-28 18:29:00', 'M.', 1, 15),
(1447, '2018-03-28 18:29:00', 'Dupre', 1, 1),
(1448, '2018-03-28 18:29:00', 'Elsa', 1, 2),
(1449, '2018-03-28 18:29:00', '156 Rue de Beauce', 1, 14),
(1450, '2018-03-28 18:29:00', '', 1, 11),
(1451, '2018-03-28 18:29:00', '78590', 1, 12),
(1452, '2018-03-28 18:29:00', 'Rennemoulin', 1, 5),
(1453, '2018-03-28 18:29:00', 'France', 1, 6),
(1454, '2018-03-28 18:29:00', '0205047650', 1, 13),
(1455, '2018-03-28 18:29:00', '06.68.57.49.85', 1, 3),
(1456, '2018-03-28 18:29:00', 'Dupre.Elsa@tahoo.fr', 1, 4),
(1457, '2018-03-28 18:29:00', '2telechargement.jpg', 1, 16),
(1458, '2018-03-28 18:45:43', 'M.', 1, 15),
(1459, '2018-03-28 18:45:43', 'Dupre', 1, 1),
(1460, '2018-03-28 18:45:43', 'Elsa', 1, 2),
(1461, '2018-03-28 18:45:43', '156 Rue de Beauce', 1, 14),
(1462, '2018-03-28 18:45:43', '', 1, 11),
(1463, '2018-03-28 18:45:43', '78590', 1, 12),
(1464, '2018-03-28 18:45:43', 'Rennemoulin', 1, 5),
(1465, '2018-03-28 18:45:43', 'France', 1, 6),
(1466, '2018-03-28 18:45:43', '0205047650', 1, 13),
(1467, '2018-03-28 18:45:43', '06.68.57.49.85', 1, 3),
(1468, '2018-03-28 18:45:43', 'Dupre.Elsa@tahoo.fr', 1, 4),
(1469, '2018-03-28 18:47:35', 'M.', 1, 15),
(1470, '2018-03-28 18:47:35', 'Dupre', 1, 1),
(1471, '2018-03-28 18:47:35', 'Elsa', 1, 2),
(1472, '2018-03-28 18:47:35', '156 Rue de Beauce', 1, 14),
(1473, '2018-03-28 18:47:35', '', 1, 11),
(1474, '2018-03-28 18:47:35', '78590', 1, 12),
(1475, '2018-03-28 18:47:35', 'Rennemoulin', 1, 5),
(1476, '2018-03-28 18:47:35', 'France', 1, 6),
(1477, '2018-03-28 18:47:35', '0205047650', 1, 13),
(1478, '2018-03-28 18:47:35', '06.68.57.49.85', 1, 3),
(1479, '2018-03-28 18:47:35', 'Dupre.Elsa@tahoo.fr', 1, 4),
(1480, '2018-03-28 18:53:44', 'M.', 1, 15),
(1481, '2018-03-28 18:53:44', 'Dupre', 1, 1),
(1482, '2018-03-28 18:53:44', 'Elsa', 1, 2),
(1483, '2018-03-28 18:53:44', '156 Rue de Beauce', 1, 14),
(1484, '2018-03-28 18:53:44', '', 1, 11),
(1485, '2018-03-28 18:53:44', '78590', 1, 12),
(1486, '2018-03-28 18:53:44', 'Rennemoulin', 1, 5),
(1487, '2018-03-28 18:53:44', 'France', 1, 6),
(1488, '2018-03-28 18:53:44', '0205047650', 1, 13),
(1489, '2018-03-28 18:53:44', '06.68.57.49.85', 1, 3),
(1490, '2018-03-28 18:53:44', 'Dupre.Elsa@tahoo.fr', 1, 4),
(1491, '2018-03-28 18:53:44', '2telechargement.jpg', 1, 16),
(1492, '2018-03-28 18:56:42', 'M.', 1, 15),
(1493, '2018-03-28 18:56:42', 'Dupre', 1, 1),
(1494, '2018-03-28 18:56:42', 'Elsa', 1, 2),
(1495, '2018-03-28 18:56:42', '156 Rue de Beauce', 1, 14),
(1496, '2018-03-28 18:56:42', '', 1, 11),
(1497, '2018-03-28 18:56:42', '78590', 1, 12),
(1498, '2018-03-28 18:56:42', 'Rennemoulin', 1, 5),
(1499, '2018-03-28 18:56:42', 'France', 1, 6),
(1500, '2018-03-28 18:56:42', '0205047650', 1, 13),
(1501, '2018-03-28 18:56:42', '06.68.57.49.85', 1, 3),
(1502, '2018-03-28 18:56:42', 'Dupre.Elsa@tahoo.fr', 1, 4),
(1503, '2018-03-28 18:56:42', '2telechargement.jpg', 1, 16),
(1504, '2018-03-28 18:59:15', 'M.', 1, 15),
(1505, '2018-03-28 18:59:15', 'Dupre', 1, 1),
(1506, '2018-03-28 18:59:15', 'Elsa', 1, 2),
(1507, '2018-03-28 18:59:15', '156 Rue de Beauce', 1, 14),
(1508, '2018-03-28 18:59:15', '', 1, 11),
(1509, '2018-03-28 18:59:15', '78590', 1, 12),
(1510, '2018-03-28 18:59:15', 'Rennemoulin', 1, 5),
(1511, '2018-03-28 18:59:15', 'France', 1, 6),
(1512, '2018-03-28 18:59:15', '0205047650', 1, 13),
(1513, '2018-03-28 18:59:15', '06.68.57.49.85', 1, 3),
(1514, '2018-03-28 18:59:15', 'Dupre.Elsa@tahoo.fr', 1, 4),
(1515, '2018-03-28 18:59:15', '2telechargement.jpg', 1, 16),
(1516, '2018-03-28 19:02:45', 'M.', 1, 15),
(1517, '2018-03-28 19:02:45', 'Dupre', 1, 1),
(1518, '2018-03-28 19:02:45', 'Elsa', 1, 2),
(1519, '2018-03-28 19:02:45', '156 Rue de Beauce', 1, 14),
(1520, '2018-03-28 19:02:45', '', 1, 11),
(1521, '2018-03-28 19:02:45', '78590', 1, 12),
(1522, '2018-03-28 19:02:45', 'Rennemoulin', 1, 5),
(1523, '2018-03-28 19:02:45', 'France', 1, 6),
(1524, '2018-03-28 19:02:45', '0205047650', 1, 13),
(1525, '2018-03-28 19:02:45', '06.68.57.49.85', 1, 3),
(1526, '2018-03-28 19:02:45', 'Dupre.Elsa@tahoo.fr', 1, 4),
(1527, '2018-03-28 19:02:45', '2telechargement.jpg', 1, 16),
(1528, '2018-03-28 19:21:58', 'M.', 1, 15),
(1529, '2018-03-28 19:21:58', 'Dupre', 1, 1),
(1530, '2018-03-28 19:21:58', 'Elsa', 1, 2),
(1531, '2018-03-28 19:21:58', '156 Rue de Beauce', 1, 14),
(1532, '2018-03-28 19:21:58', '', 1, 11),
(1533, '2018-03-28 19:21:58', '78590', 1, 12),
(1534, '2018-03-28 19:21:58', 'Rennemoulin', 1, 5),
(1535, '2018-03-28 19:21:58', 'France', 1, 6),
(1536, '2018-03-28 19:21:58', '0205047650', 1, 13),
(1537, '2018-03-28 19:21:58', '06.68.57.49.85', 1, 3),
(1538, '2018-03-28 19:21:58', 'Dupre.Elsa@tahoo.fr', 1, 4),
(1539, '2018-03-28 19:21:58', '2telechargement.jpg', 1, 16),
(1540, '2018-03-28 19:23:19', 'M.', 1, 15),
(1541, '2018-03-28 19:23:19', 'Dupre', 1, 1),
(1542, '2018-03-28 19:23:19', 'Elsa', 1, 2),
(1543, '2018-03-28 19:23:19', '156 Rue de Beauce', 1, 14),
(1544, '2018-03-28 19:23:19', '', 1, 11),
(1545, '2018-03-28 19:23:19', '78590', 1, 12),
(1546, '2018-03-28 19:23:19', 'Rennemoulin', 1, 5),
(1547, '2018-03-28 19:23:19', 'France', 1, 6),
(1548, '2018-03-28 19:23:19', '0205047650', 1, 13),
(1549, '2018-03-28 19:23:19', '06.68.57.49.85', 1, 3),
(1550, '2018-03-28 19:23:19', 'Dupre.Elsa@tahoo.fr', 1, 4),
(1551, '2018-03-28 19:23:19', '2telechargement.jpg', 1, 16),
(1552, '2018-03-28 19:25:37', 'M.', 1, 15),
(1553, '2018-03-28 19:25:37', 'Dupre', 1, 1),
(1554, '2018-03-28 19:25:37', 'Elsa', 1, 2),
(1555, '2018-03-28 19:25:37', '156 Rue de Beauce', 1, 14),
(1556, '2018-03-28 19:25:37', '', 1, 11),
(1557, '2018-03-28 19:25:37', '78590', 1, 12),
(1558, '2018-03-28 19:25:37', 'Rennemoulin', 1, 5),
(1559, '2018-03-28 19:25:37', 'France', 1, 6),
(1560, '2018-03-28 19:25:37', '0205047650', 1, 13),
(1561, '2018-03-28 19:25:37', '06.68.57.49.85', 1, 3),
(1562, '2018-03-28 19:25:37', 'Dupre.Elsa@tahoo.fr', 1, 4),
(1563, '2018-03-28 19:25:48', 'M.', 1, 15),
(1564, '2018-03-28 19:25:48', 'Dupre', 1, 1),
(1565, '2018-03-28 19:25:48', 'Elsa', 1, 2),
(1566, '2018-03-28 19:25:48', '156 Rue de Beauce', 1, 14),
(1567, '2018-03-28 19:25:48', '', 1, 11),
(1568, '2018-03-28 19:25:48', '78590', 1, 12),
(1569, '2018-03-28 19:25:48', 'Rennemoulin', 1, 5),
(1570, '2018-03-28 19:25:48', 'France', 1, 6),
(1571, '2018-03-28 19:25:48', '0205047650', 1, 13),
(1572, '2018-03-28 19:25:48', '06.68.57.49.85', 1, 3),
(1573, '2018-03-28 19:25:48', 'Dupre.Elsa@tahoo.fr', 1, 4),
(1574, '2018-03-28 19:25:48', 'Capture.PNG', 1, 16),
(1575, '2018-03-31 12:29:39', 'Mme.', 5, 15),
(1576, '2018-03-31 12:29:39', 'Fernandes', 5, 1),
(1577, '2018-03-31 12:29:39', 'Pauline', 5, 2),
(1578, '2018-03-31 12:29:39', '18 Rue Cavallotti', 5, 14),
(1579, '2018-03-31 12:29:39', '', 5, 11),
(1580, '2018-03-31 12:29:39', '17210', 5, 12),
(1581, '2018-03-31 12:29:39', 'Saint-Palais-de-Négrignac', 5, 5),
(1582, '2018-03-31 12:29:39', 'France', 5, 6),
(1583, '2018-03-31 12:29:39', '0078017122', 5, 13),
(1584, '2018-03-31 12:29:39', '1111111', 5, 3),
(1585, '2018-03-31 12:29:39', 'Fernandes.Pauline@hotmail.fr', 5, 4),
(1586, '2018-03-31 12:30:02', 'M.', 6, 15),
(1587, '2018-03-31 12:30:02', 'ee', 6, 1),
(1588, '2018-03-31 12:30:02', 'eee', 6, 2),
(1589, '2018-03-31 12:30:02', '', 6, 14),
(1590, '2018-03-31 12:30:02', '', 6, 11),
(1591, '2018-03-31 12:30:02', '', 6, 12),
(1592, '2018-03-31 12:30:02', '', 6, 5),
(1593, '2018-03-31 12:30:02', '', 6, 6),
(1594, '2018-03-31 12:30:02', '', 6, 13),
(1595, '2018-03-31 12:30:02', '', 6, 3),
(1596, '2018-03-31 12:30:02', '', 6, 4),
(1597, '2018-03-31 12:30:02', '', 6, 16),
(1598, '2018-03-31 12:30:33', 'M.', 7, 15),
(1599, '2018-03-31 12:30:33', '', 7, 1),
(1600, '2018-03-31 12:30:33', 'bbfbbfdbdfdb', 7, 2),
(1601, '2018-03-31 12:30:33', '', 7, 14),
(1602, '2018-03-31 12:30:33', '', 7, 11),
(1603, '2018-03-31 12:30:33', '', 7, 12),
(1604, '2018-03-31 12:30:33', '', 7, 5),
(1605, '2018-03-31 12:30:33', '', 7, 6),
(1606, '2018-03-31 12:30:33', '', 7, 13),
(1607, '2018-03-31 12:30:33', '', 7, 3),
(1608, '2018-03-31 12:30:33', '', 7, 4),
(1609, '2018-03-31 12:30:33', '', 7, 16),
(1610, '2018-03-31 12:34:43', 'Mlle.', 4, 15),
(1611, '2018-03-31 12:34:43', 'gdf', 4, 1),
(1612, '2018-03-31 12:34:43', 'dfgdfg', 4, 2),
(1613, '2018-03-31 12:34:43', '', 4, 14),
(1614, '2018-03-31 12:34:43', '', 4, 11),
(1615, '2018-03-31 12:34:43', '', 4, 12),
(1616, '2018-03-31 12:34:43', '', 4, 5),
(1617, '2018-03-31 12:34:43', '', 4, 6),
(1618, '2018-03-31 12:34:43', '', 4, 13),
(1619, '2018-03-31 12:34:43', '', 4, 3),
(1620, '2018-03-31 12:34:43', '', 4, 4),
(1621, '2018-03-31 12:39:16', 'Mlle.', 4, 15),
(1622, '2018-03-31 12:39:16', 'gdf', 4, 1),
(1623, '2018-03-31 12:39:16', 'dfgdfg', 4, 2),
(1624, '2018-03-31 12:39:16', '', 4, 14),
(1625, '2018-03-31 12:39:16', '', 4, 11),
(1626, '2018-03-31 12:39:16', '', 4, 12),
(1627, '2018-03-31 12:39:16', '', 4, 5),
(1628, '2018-03-31 12:39:16', '', 4, 6),
(1629, '2018-03-31 12:39:16', '', 4, 13),
(1630, '2018-03-31 12:39:16', '', 4, 3),
(1631, '2018-03-31 12:39:16', '', 4, 4),
(1632, '2018-03-31 12:41:14', 'Mlle.', 4, 15),
(1633, '2018-03-31 12:41:14', 'gdf', 4, 1),
(1634, '2018-03-31 12:41:14', 'dfgdfg', 4, 2),
(1635, '2018-03-31 12:41:14', '', 4, 14),
(1636, '2018-03-31 12:41:14', '', 4, 11),
(1637, '2018-03-31 12:41:14', '', 4, 12),
(1638, '2018-03-31 12:41:14', '', 4, 5),
(1639, '2018-03-31 12:41:14', '', 4, 6),
(1640, '2018-03-31 12:41:14', '', 4, 13),
(1641, '2018-03-31 12:41:14', '', 4, 3),
(1642, '2018-03-31 12:41:14', '', 4, 4),
(1643, '2018-03-31 12:44:50', 'Mlle.', 4, 15),
(1644, '2018-03-31 12:44:50', 'gdf', 4, 1),
(1645, '2018-03-31 12:44:50', 'dfgdfg', 4, 2),
(1646, '2018-03-31 12:44:50', '', 4, 14),
(1647, '2018-03-31 12:44:50', '', 4, 11),
(1648, '2018-03-31 12:44:50', '', 4, 12),
(1649, '2018-03-31 12:44:50', '', 4, 5),
(1650, '2018-03-31 12:44:50', '', 4, 6),
(1651, '2018-03-31 12:44:50', '', 4, 13),
(1652, '2018-03-31 12:44:50', '', 4, 3),
(1653, '2018-03-31 12:44:50', '', 4, 4),
(1654, '2018-03-31 12:44:50', '2telechargement.jpg', 4, 16),
(1655, '2018-03-31 13:09:55', 'M.', 8, 15),
(1656, '2018-03-31 13:09:55', 'gg', 8, 1),
(1657, '2018-03-31 13:09:55', 'tttttttttttt', 8, 2),
(1658, '2018-03-31 13:09:55', '', 8, 14),
(1659, '2018-03-31 13:09:55', '', 8, 11),
(1660, '2018-03-31 13:09:55', '', 8, 12),
(1661, '2018-03-31 13:09:55', '', 8, 5),
(1662, '2018-03-31 13:09:55', '', 8, 6),
(1663, '2018-03-31 13:09:55', '', 8, 13),
(1664, '2018-03-31 13:09:55', '', 8, 3),
(1665, '2018-03-31 13:09:55', '', 8, 4),
(1666, '2018-03-31 13:09:55', 'fender.jpg', 8, 16),
(1667, '2018-05-21 12:37:13', 'M.', 1, 15),
(1668, '2018-05-21 12:37:13', 'Dupre', 1, 1),
(1669, '2018-05-21 12:37:13', 'Elsa', 1, 2),
(1670, '2018-05-21 12:37:13', '156 Rue de Beauce', 1, 14),
(1671, '2018-05-21 12:37:13', '', 1, 11),
(1672, '2018-05-21 12:37:13', '78590', 1, 12),
(1673, '2018-05-21 12:37:13', 'Rennemoulin', 1, 5),
(1674, '2018-05-21 12:37:13', 'France', 1, 6),
(1675, '2018-05-21 12:37:13', '0205047650', 1, 13),
(1676, '2018-05-21 12:37:13', '06.68.57.49.85', 1, 3),
(1677, '2018-05-21 12:37:13', 'Dupre.Elsa@tahoo.fr', 1, 4),
(1678, '2018-05-21 12:37:13', 'Capture.PNG', 1, 16),
(1679, '2018-05-21 12:40:45', 'M.', 1, 15),
(1680, '2018-05-21 12:40:45', 'Dupre', 1, 1),
(1681, '2018-05-21 12:40:45', 'Elsa', 1, 2),
(1682, '2018-05-21 12:40:45', '156 Rue de Beauce', 1, 14),
(1683, '2018-05-21 12:40:45', '', 1, 11),
(1684, '2018-05-21 12:40:45', '78590', 1, 12),
(1685, '2018-05-21 12:40:45', 'Rennemoulin', 1, 5),
(1686, '2018-05-21 12:40:45', 'France', 1, 6),
(1687, '2018-05-21 12:40:45', '0205047650', 1, 13),
(1688, '2018-05-21 12:40:45', '06.68.57.49.85', 1, 3),
(1689, '2018-05-21 12:40:45', 'Dupre.Elsa@tahoo.fr', 1, 4),
(1690, '2018-05-21 12:40:45', 'Capture.PNG', 1, 16),
(1691, '2018-05-21 12:40:56', 'M.', 1, 15),
(1692, '2018-05-21 12:40:56', 'Dupre', 1, 1),
(1693, '2018-05-21 12:40:56', 'Elsa', 1, 2),
(1694, '2018-05-21 12:40:56', '156 Rue de Beauce', 1, 14),
(1695, '2018-05-21 12:40:56', '', 1, 11),
(1696, '2018-05-21 12:40:56', '78590', 1, 12),
(1697, '2018-05-21 12:40:56', 'Rennemoulin', 1, 5),
(1698, '2018-05-21 12:40:56', 'France', 1, 6),
(1699, '2018-05-21 12:40:56', '0205047650', 1, 13),
(1700, '2018-05-21 12:40:56', '06.68.57.49.85', 1, 3),
(1701, '2018-05-21 12:40:56', 'Dupre.Elsa@tahoo.fr', 1, 4),
(1702, '2018-05-21 12:40:56', 'ed.jpg', 1, 16),
(1703, '2018-05-21 12:41:32', 'Mme.', 1, 15),
(1704, '2018-05-21 12:41:32', 'Dupré', 1, 1),
(1705, '2018-05-21 12:41:32', 'Elsa', 1, 2),
(1706, '2018-05-21 12:41:32', '156 Rue de Beauce', 1, 14),
(1707, '2018-05-21 12:41:32', '', 1, 11),
(1708, '2018-05-21 12:41:32', '78590', 1, 12),
(1709, '2018-05-21 12:41:32', 'Rennemoulin', 1, 5),
(1710, '2018-05-21 12:41:32', 'France', 1, 6),
(1711, '2018-05-21 12:41:32', '0205047650', 1, 13),
(1712, '2018-05-21 12:41:32', '06.68.57.49.85', 1, 3),
(1713, '2018-05-21 12:41:32', 'Dupre.Elsa@tahoo.fr', 1, 4),
(1714, '2018-05-21 12:41:32', 'ed.jpg', 1, 16),
(1715, '2018-05-21 17:01:32', 'M.', 9, 15),
(1716, '2018-05-21 17:01:32', 'W', 9, 1),
(1717, '2018-05-21 17:01:32', 'Johann', 9, 2),
(1718, '2018-05-21 17:01:32', '', 9, 14),
(1719, '2018-05-21 17:01:32', '', 9, 11),
(1720, '2018-05-21 17:01:32', '', 9, 12),
(1721, '2018-05-21 17:01:32', '', 9, 5),
(1722, '2018-05-21 17:01:32', '', 9, 6),
(1723, '2018-05-21 17:01:32', '', 9, 13),
(1724, '2018-05-21 17:01:32', '', 9, 3),
(1725, '2018-05-21 17:01:32', '', 9, 4),
(1726, '2018-05-21 17:01:32', '', 9, 16),
(1727, '2018-05-21 17:01:59', 'M.', 10, 15),
(1728, '2018-05-21 17:01:59', 'H', 10, 1),
(1729, '2018-05-21 17:01:59', 'Khounthai', 10, 2),
(1730, '2018-05-21 17:01:59', '', 10, 14),
(1731, '2018-05-21 17:01:59', '', 10, 11),
(1732, '2018-05-21 17:01:59', '', 10, 12),
(1733, '2018-05-21 17:01:59', '', 10, 5),
(1734, '2018-05-21 17:01:59', '', 10, 6),
(1735, '2018-05-21 17:01:59', '', 10, 13),
(1736, '2018-05-21 17:01:59', '', 10, 3),
(1737, '2018-05-21 17:01:59', '', 10, 4),
(1738, '2018-05-21 17:01:59', '', 10, 16),
(1739, '2018-05-21 17:04:00', 'M.', 9, 15),
(1740, '2018-05-21 17:04:00', 'W', 9, 1),
(1741, '2018-05-21 17:04:00', 'Johann', 9, 2),
(1742, '2018-05-21 17:04:00', '', 9, 14),
(1743, '2018-05-21 17:04:00', '', 9, 11),
(1744, '2018-05-21 17:04:00', '', 9, 12),
(1745, '2018-05-21 17:04:00', '', 9, 5),
(1746, '2018-05-21 17:04:00', '', 9, 6),
(1747, '2018-05-21 17:04:00', '', 9, 13),
(1748, '2018-05-21 17:04:00', '', 9, 3),
(1749, '2018-05-21 17:04:00', '', 9, 4),
(1750, '2018-05-21 17:04:00', '', 9, 16),
(1751, '2018-05-21 17:14:08', 'M.', 11, 15),
(1752, '2018-05-21 17:14:08', 'W', 11, 1),
(1753, '2018-05-21 17:14:08', 'Johann', 11, 2),
(1754, '2018-05-21 17:14:08', '', 11, 14),
(1755, '2018-05-21 17:14:08', '', 11, 11),
(1756, '2018-05-21 17:14:08', '', 11, 12),
(1757, '2018-05-21 17:14:08', '', 11, 5),
(1758, '2018-05-21 17:14:08', '', 11, 6),
(1759, '2018-05-21 17:14:08', '', 11, 13),
(1760, '2018-05-21 17:14:08', '', 11, 3),
(1761, '2018-05-21 17:14:08', '', 11, 4),
(1762, '2018-05-21 17:14:08', '', 11, 16),
(1763, '2018-05-21 17:14:15', 'M.', 12, 15),
(1764, '2018-05-21 17:14:15', 'H', 12, 1),
(1765, '2018-05-21 17:14:15', 'Khounthai', 12, 2),
(1766, '2018-05-21 17:14:15', '', 12, 14),
(1767, '2018-05-21 17:14:15', '', 12, 11),
(1768, '2018-05-21 17:14:15', '', 12, 12),
(1769, '2018-05-21 17:14:15', '', 12, 5),
(1770, '2018-05-21 17:14:15', '', 12, 6),
(1771, '2018-05-21 17:14:15', '', 12, 13),
(1772, '2018-05-21 17:14:15', '', 12, 3),
(1773, '2018-05-21 17:14:15', '', 12, 4),
(1774, '2018-05-21 17:14:15', '', 12, 16);

-- --------------------------------------------------------

--
-- Structure de la table `groupe`
--

CREATE TABLE `groupe` (
  `Idgroupe` int(11) NOT NULL,
  `libelle` varchar(255) DEFAULT NULL,
  `Idgroupeparent` int(11) DEFAULT NULL
) ENGINE=InnoDB DEFAULT CHARSET=latin1;

--
-- Déchargement des données de la table `groupe`
--

INSERT INTO `groupe` (`Idgroupe`, `libelle`, `Idgroupeparent`) VALUES
(1, 'Ami', NULL),
(2, 'Profession', NULL);

-- --------------------------------------------------------

--
-- Structure de la table `liencontactgroupe`
--

CREATE TABLE `liencontactgroupe` (
  `idcontact` int(11) NOT NULL,
  `idgroupe` int(11) NOT NULL
) ENGINE=InnoDB DEFAULT CHARSET=latin1;

-- --------------------------------------------------------

--
-- Structure de la table `lientemplatechamp`
--

CREATE TABLE `lientemplatechamp` (
  `idtemplate` int(11) NOT NULL,
  `idchamp` int(11) NOT NULL,
  `ordre` int(11) NOT NULL,
  `champactif` tinyint(4) NOT NULL DEFAULT '1',
  `accueil` tinyint(1) NOT NULL DEFAULT '0'
) ENGINE=InnoDB DEFAULT CHARSET=latin1;

--
-- Déchargement des données de la table `lientemplatechamp`
--

INSERT INTO `lientemplatechamp` (`idtemplate`, `idchamp`, `ordre`, `champactif`, `accueil`) VALUES
(1, 1, 1, 1, 1),
(1, 2, 2, 1, 1),
(1, 3, 8, 1, 1),
(1, 4, 9, 1, 0),
(1, 5, 5, 1, 0),
(1, 6, 6, 1, 0),
(1, 11, 3, 1, 0),
(1, 12, 4, 1, 0),
(1, 13, 7, 1, 1),
(1, 14, 3, 1, 0),
(1, 15, 0, 1, 1),
(1, 16, 10, 1, 0),
(2, 1, 0, 1, 0),
(2, 2, 0, 1, 0),
(2, 3, 0, 1, 0),
(2, 4, 0, 1, 0),
(2, 5, 0, 1, 0),
(2, 6, 0, 1, 0),
(2, 7, 0, 1, 0),
(2, 8, 0, 1, 0),
(2, 9, 0, 1, 0),
(2, 10, 0, 1, 0),
(2, 11, 0, 1, 0);

-- --------------------------------------------------------

--
-- Structure de la table `preselection`
--

CREATE TABLE `preselection` (
  `idpreselect` int(11) NOT NULL,
  `Valeur` varchar(255) DEFAULT NULL,
  `idchamp` int(11) DEFAULT NULL
) ENGINE=InnoDB DEFAULT CHARSET=latin1;

--
-- Déchargement des données de la table `preselection`
--

INSERT INTO `preselection` (`idpreselect`, `Valeur`, `idchamp`) VALUES
(3, 'Anglais', 7),
(4, 'Allemand', 7),
(5, 'Espagnol', 7),
(6, 'Développeur', 8),
(7, 'Technicien de maintenance', 8),
(8, 'Microsoft Office', 9),
(9, 'Plomberie', 9),
(10, 'M.', 15),
(11, 'Mme.', 15),
(12, 'Mlle.', 15);

-- --------------------------------------------------------

--
-- Structure de la table `template`
--

CREATE TABLE `template` (
  `idtemplate` int(11) NOT NULL,
  `libelle` varchar(255) DEFAULT NULL,
  `iduser` int(11) DEFAULT NULL
) ENGINE=InnoDB DEFAULT CHARSET=latin1;

--
-- Déchargement des données de la table `template`
--

INSERT INTO `template` (`idtemplate`, `libelle`, `iduser`) VALUES
(1, 'Standard', NULL),
(2, 'Profesionnel', 2);

-- --------------------------------------------------------

--
-- Structure de la table `user`
--

CREATE TABLE `user` (
  `iduser` int(11) NOT NULL,
  `login` varchar(255) CHARACTER SET utf8 DEFAULT NULL,
  `encryptedkeypwd` binary(32) DEFAULT NULL,
  `dtcreation` date DEFAULT NULL,
  `role` varchar(255) CHARACTER SET utf8 DEFAULT NULL,
  `encryptedkey` binary(32) DEFAULT NULL,
  `validationkey` binary(30) DEFAULT NULL,
  `validaccount` tinyint(1) DEFAULT NULL,
  `actif` tinyint(1) NOT NULL DEFAULT '1',
  `hashed_password` binary(32) DEFAULT NULL,
  `timestamp_modif_pwd` datetime DEFAULT NULL,
  `token_api` binary(32) DEFAULT NULL,
  `timestamp_api` timestamp NULL DEFAULT CURRENT_TIMESTAMP ON UPDATE CURRENT_TIMESTAMP
) ENGINE=InnoDB DEFAULT CHARSET=latin1;

--
-- Déchargement des données de la table `user`
--

INSERT INTO `user` (`iduser`, `login`, `encryptedkeypwd`, `dtcreation`, `role`, `encryptedkey`, `validationkey`, `validaccount`, `actif`, `hashed_password`, `timestamp_modif_pwd`, `token_api`, `timestamp_api`) VALUES
(1, 'user1@hotmail.fr', 0x7573657231000000000000000000000000000000000000000000000000000000, '2017-11-20', NULL, 0xbdf7efad6dd0160747fa5b9cf68e346d31964bc6073d2b4174f8666324e5dfc2, 0x6c6b78796a6a7a656d717668697165737968667800000000000000000000, 1, 1, 0x289cfe05c74e2c262238f6057e2130ec6e7c1234c4229bff8aefd80438169cee, NULL, 0x7a9e2f388edcebca91461793c35a0045c44e813d82614744b46dce5014b82f32, '2018-05-27 12:59:06'),
(2, 'user2@yahoo.fr', 0x7573657232000000000000000000000000000000000000000000000000000000, '2017-11-20', NULL, 0x0000000000000000000000000000000000000000000000000000000000000000, NULL, 1, 1, 0x33bc01fdb5d6703296e95370ca8044378c870a4ed3840db9f53c784553f9eeed, NULL, NULL, NULL);

--
-- Index pour les tables déchargées
--

--
-- Index pour la table `champ`
--
ALTER TABLE `champ`
  ADD PRIMARY KEY (`idchamp`),
  ADD KEY `FK_CHAMP_id_datatype` (`iddatatype`);

--
-- Index pour la table `contact`
--
ALTER TABLE `contact`
  ADD PRIMARY KEY (`idcontact`),
  ADD KEY `fk_contact_user` (`iduser`);

--
-- Index pour la table `datatype`
--
ALTER TABLE `datatype`
  ADD PRIMARY KEY (`iddatatype`);

--
-- Index pour la table `donnees`
--
ALTER TABLE `donnees`
  ADD PRIMARY KEY (`iddonnee`),
  ADD KEY `FK_Donnees_id_contact` (`idcontact`),
  ADD KEY `FK_Donnees_id_champ` (`idchamp`);

--
-- Index pour la table `groupe`
--
ALTER TABLE `groupe`
  ADD PRIMARY KEY (`Idgroupe`),
  ADD KEY `FK_sousgroupe_ID_GROUPE_PARENT` (`Idgroupeparent`);

--
-- Index pour la table `liencontactgroupe`
--
ALTER TABLE `liencontactgroupe`
  ADD PRIMARY KEY (`idcontact`,`idgroupe`),
  ADD KEY `FK_LIENCONTACTGROUPE_ID_GROUPE` (`idgroupe`);

--
-- Index pour la table `lientemplatechamp`
--
ALTER TABLE `lientemplatechamp`
  ADD PRIMARY KEY (`idtemplate`,`idchamp`),
  ADD KEY `FK_LIENTEMPLATECHAMP_id_champ` (`idchamp`);

--
-- Index pour la table `preselection`
--
ALTER TABLE `preselection`
  ADD PRIMARY KEY (`idpreselect`),
  ADD KEY `FK_PRESELECTION_id_champ` (`idchamp`);

--
-- Index pour la table `template`
--
ALTER TABLE `template`
  ADD PRIMARY KEY (`idtemplate`),
  ADD KEY `fk_user` (`iduser`);

--
-- Index pour la table `user`
--
ALTER TABLE `user`
  ADD PRIMARY KEY (`iduser`);

--
-- AUTO_INCREMENT pour les tables déchargées
--

--
-- AUTO_INCREMENT pour la table `champ`
--
ALTER TABLE `champ`
  MODIFY `idchamp` int(11) NOT NULL AUTO_INCREMENT, AUTO_INCREMENT=17;

--
-- AUTO_INCREMENT pour la table `contact`
--
ALTER TABLE `contact`
  MODIFY `idcontact` int(11) NOT NULL AUTO_INCREMENT, AUTO_INCREMENT=13;

--
-- AUTO_INCREMENT pour la table `datatype`
--
ALTER TABLE `datatype`
  MODIFY `iddatatype` int(11) NOT NULL AUTO_INCREMENT, AUTO_INCREMENT=7;

--
-- AUTO_INCREMENT pour la table `donnees`
--
ALTER TABLE `donnees`
  MODIFY `iddonnee` int(11) NOT NULL AUTO_INCREMENT, AUTO_INCREMENT=1775;

--
-- AUTO_INCREMENT pour la table `groupe`
--
ALTER TABLE `groupe`
  MODIFY `Idgroupe` int(11) NOT NULL AUTO_INCREMENT, AUTO_INCREMENT=3;

--
-- AUTO_INCREMENT pour la table `preselection`
--
ALTER TABLE `preselection`
  MODIFY `idpreselect` int(11) NOT NULL AUTO_INCREMENT, AUTO_INCREMENT=13;

--
-- AUTO_INCREMENT pour la table `template`
--
ALTER TABLE `template`
  MODIFY `idtemplate` int(11) NOT NULL AUTO_INCREMENT, AUTO_INCREMENT=3;

--
-- AUTO_INCREMENT pour la table `user`
--
ALTER TABLE `user`
  MODIFY `iduser` int(11) NOT NULL AUTO_INCREMENT, AUTO_INCREMENT=3;

--
-- Contraintes pour les tables déchargées
--

--
-- Contraintes pour la table `champ`
--
ALTER TABLE `champ`
  ADD CONSTRAINT `FK_CHAMP_id_datatype` FOREIGN KEY (`iddatatype`) REFERENCES `datatype` (`iddatatype`);

--
-- Contraintes pour la table `contact`
--
ALTER TABLE `contact`
  ADD CONSTRAINT `fk_contact_user` FOREIGN KEY (`iduser`) REFERENCES `user` (`iduser`) ON DELETE CASCADE ON UPDATE CASCADE;

--
-- Contraintes pour la table `donnees`
--
ALTER TABLE `donnees`
  ADD CONSTRAINT `FK_Donnees_id_champ` FOREIGN KEY (`idchamp`) REFERENCES `champ` (`idchamp`),
  ADD CONSTRAINT `FK_Donnees_id_contact` FOREIGN KEY (`idcontact`) REFERENCES `contact` (`idcontact`) ON DELETE CASCADE ON UPDATE CASCADE;

--
-- Contraintes pour la table `groupe`
--
ALTER TABLE `groupe`
  ADD CONSTRAINT `FK_sousgroupe_ID_GROUPE_PARENT` FOREIGN KEY (`Idgroupeparent`) REFERENCES `groupe` (`Idgroupe`);

--
-- Contraintes pour la table `lientemplatechamp`
--
ALTER TABLE `lientemplatechamp`
  ADD CONSTRAINT `FK_LIENTEMPLATECHAMP_id_champ` FOREIGN KEY (`idchamp`) REFERENCES `champ` (`idchamp`),
  ADD CONSTRAINT `FK_LIENTEMPLATECHAMP_id_template` FOREIGN KEY (`idtemplate`) REFERENCES `template` (`idtemplate`);

--
-- Contraintes pour la table `preselection`
--
ALTER TABLE `preselection`
  ADD CONSTRAINT `FK_PRESELECTION_id_champ` FOREIGN KEY (`idchamp`) REFERENCES `champ` (`idchamp`);

--
-- Contraintes pour la table `template`
--
ALTER TABLE `template`
  ADD CONSTRAINT `fk_user` FOREIGN KEY (`iduser`) REFERENCES `user` (`iduser`);
COMMIT;

/*!40101 SET CHARACTER_SET_CLIENT=@OLD_CHARACTER_SET_CLIENT */;
/*!40101 SET CHARACTER_SET_RESULTS=@OLD_CHARACTER_SET_RESULTS */;
/*!40101 SET COLLATION_CONNECTION=@OLD_COLLATION_CONNECTION */;
